epoch,time,train/box_loss,train/cls_loss,train/dfl_loss,metrics/precision(B),metrics/recall(B),metrics/mAP50(B),metrics/mAP50-95(B),val/box_loss,val/cls_loss,val/dfl_loss,lr/pg0,lr/pg1,lr/pg2
1,110.474,0.79073,1.93412,0.99826,1,0.29258,0.995,0.79356,0.74626,3.05374,0.84341,0.000656085,0.000656085,0.000656085
2,221.104,0.78808,1.29163,0.98114,0.99453,1,0.995,0.8969,0.58422,1.39064,0.84521,0.00130966,0.00130966,0.00130966
3,329.094,0.78108,1.10258,0.99005,0.99489,1,0.995,0.83729,0.67926,0.98565,0.88714,0.00195003,0.00195003,0.00195003
4,439.153,0.76129,0.97762,0.99868,0.99478,1,0.995,0.80973,0.68742,0.93401,0.90968,0.0019406,0.0019406,0.0019406
5,555.138,0.68955,0.77795,0.96821,0.99468,1,0.995,0.83957,0.68478,0.7595,0.90703,0.0019208,0.0019208,0.0019208
6,662.287,0.68934,0.6968,0.95782,0.99448,1,0.995,0.87665,0.63379,0.67937,0.88581,0.001901,0.001901,0.001901
7,778.733,0.68443,0.63481,0.96332,0.99007,1,0.995,0.8861,0.56848,0.58872,0.87198,0.0018812,0.0018812,0.0018812
8,898.447,0.64179,0.57457,0.93861,0.99313,1,0.995,0.8521,0.61391,0.46821,0.88638,0.0018614,0.0018614,0.0018614
9,1093.96,0.65168,0.53874,0.96097,1,0.88994,0.97192,0.79317,0.72817,0.94975,0.88042,0.0018416,0.0018416,0.0018416
10,1217.45,0.64296,0.5252,0.9479,0.99389,1,0.995,0.86962,0.59434,0.47556,0.87525,0.0018218,0.0018218,0.0018218
11,1343.18,0.61988,0.49805,0.94754,0.9943,1,0.995,0.89281,0.61638,0.42732,0.87982,0.001802,0.001802,0.001802
12,1461.39,0.58972,0.46748,0.92365,0.99478,1,0.995,0.88643,0.52158,0.39171,0.86697,0.0017822,0.0017822,0.0017822
13,1562.37,0.61555,0.47442,0.93275,0.99424,1,0.995,0.82536,0.67427,0.39085,0.89055,0.0017624,0.0017624,0.0017624
14,1668.99,0.64241,0.46939,0.96022,0.99443,1,0.995,0.91094,0.47787,0.36243,0.84082,0.0017426,0.0017426,0.0017426
15,1807.58,0.54826,0.42117,0.91843,0.99475,1,0.995,0.90798,0.4814,0.32196,0.85541,0.0017228,0.0017228,0.0017228
16,1918.08,0.57824,0.41776,0.93706,0.99474,1,0.995,0.88957,0.52774,0.3769,0.86172,0.001703,0.001703,0.001703
17,2008.72,0.62727,0.4365,0.93015,0.99476,1,0.995,0.83665,0.63524,0.366,0.88669,0.0016832,0.0016832,0.0016832
18,2109.27,0.55239,0.40667,0.91533,0.99476,1,0.995,0.91368,0.4396,0.30403,0.84625,0.0016634,0.0016634,0.0016634
19,2272.94,0.56577,0.4084,0.9253,0.99463,1,0.995,0.89937,0.53985,0.28243,0.86304,0.0016436,0.0016436,0.0016436
20,2491.96,0.60799,0.41238,0.94118,0.99478,1,0.995,0.89632,0.57893,0.32041,0.86992,0.0016238,0.0016238,0.0016238
21,2760.86,0.55783,0.39158,0.92999,0.9949,1,0.995,0.89505,0.50081,0.33399,0.8583,0.001604,0.001604,0.001604
22,2980.54,0.5507,0.38876,0.91437,0.99478,1,0.995,0.88956,0.49953,0.28792,0.85599,0.0015842,0.0015842,0.0015842
23,3207.79,0.5417,0.38406,0.90482,0.9956,1,0.995,0.85247,0.66791,0.33515,0.88473,0.0015644,0.0015644,0.0015644
24,3399.65,0.50077,0.36051,0.89444,0.9947,1,0.995,0.89732,0.53921,0.28076,0.86131,0.0015446,0.0015446,0.0015446
25,3593.82,0.53618,0.37341,0.90693,0.99432,1,0.995,0.89237,0.50938,0.29987,0.85624,0.0015248,0.0015248,0.0015248
26,3809.7,0.49149,0.35325,0.88784,0.993,1,0.995,0.87125,0.51402,0.27196,0.85823,0.001505,0.001505,0.001505
27,4036.01,0.51678,0.35504,0.90681,0.99497,1,0.995,0.89771,0.45069,0.26275,0.84808,0.0014852,0.0014852,0.0014852
28,4239.91,0.50495,0.36005,0.89986,0.99461,1,0.995,0.90217,0.43411,0.25956,0.83538,0.0014654,0.0014654,0.0014654
29,4436.24,0.50134,0.34017,0.90235,0.99451,1,0.995,0.8732,0.51908,0.29207,0.85731,0.0014456,0.0014456,0.0014456
30,4620.35,0.50873,0.34806,0.89912,0.99483,1,0.995,0.92457,0.48961,0.24345,0.84758,0.0014258,0.0014258,0.0014258
31,4798.94,0.49572,0.34645,0.90448,0.99482,1,0.995,0.90035,0.45354,0.27268,0.84669,0.001406,0.001406,0.001406
32,4978.99,0.48118,0.33919,0.88108,0.99484,1,0.995,0.9136,0.47019,0.25919,0.845,0.0013862,0.0013862,0.0013862
33,5158.75,0.4847,0.33755,0.88427,0.99469,1,0.995,0.91634,0.42257,0.25788,0.83451,0.0013664,0.0013664,0.0013664
34,5337.4,0.46913,0.32513,0.88903,0.99491,1,0.995,0.9237,0.47147,0.26486,0.846,0.0013466,0.0013466,0.0013466
35,5515.76,0.48172,0.33106,0.89473,0.99501,1,0.995,0.92126,0.47979,0.25517,0.84297,0.0013268,0.0013268,0.0013268
36,5695.04,0.45434,0.31686,0.88692,0.99491,1,0.995,0.93889,0.43236,0.26587,0.83212,0.001307,0.001307,0.001307
37,5873.7,0.49199,0.33271,0.89206,0.9948,1,0.995,0.92306,0.43107,0.24503,0.84351,0.0012872,0.0012872,0.0012872
38,6054.08,0.46051,0.31528,0.88486,0.99479,1,0.995,0.94158,0.44661,0.25007,0.8474,0.0012674,0.0012674,0.0012674
39,6241.5,0.46437,0.32209,0.89513,0.99466,1,0.995,0.89758,0.52485,0.25175,0.85156,0.0012476,0.0012476,0.0012476
40,6450.22,0.43137,0.3162,0.87334,0.99495,1,0.995,0.93198,0.43827,0.24052,0.84812,0.0012278,0.0012278,0.0012278
41,6815.61,0.44164,0.30721,0.87285,1,1,0.995,0.90343,0.51427,0.27272,0.84479,0.001208,0.001208,0.001208
42,7294.49,0.43537,0.29825,0.87188,0.99501,1,0.995,0.92225,0.44333,0.25157,0.838,0.0011882,0.0011882,0.0011882
43,7579.76,0.4327,0.30236,0.87699,0.99504,1,0.995,0.90275,0.48009,0.24254,0.86769,0.0011684,0.0011684,0.0011684
44,7864.98,0.43633,0.29885,0.87421,0.99499,1,0.995,0.90098,0.46928,0.27614,0.8495,0.0011486,0.0011486,0.0011486
45,8191.55,0.41022,0.28308,0.87928,0.99486,1,0.995,0.90631,0.51845,0.24808,0.85554,0.0011288,0.0011288,0.0011288
46,8601.66,0.43273,0.29265,0.87422,0.99482,1,0.995,0.89669,0.49648,0.25105,0.84379,0.001109,0.001109,0.001109
47,8927.45,0.43265,0.29577,0.87548,0.99489,1,0.995,0.94252,0.41194,0.22789,0.8401,0.0010892,0.0010892,0.0010892
48,9249.17,0.45051,0.30412,0.88865,0.99497,1,0.995,0.93431,0.43281,0.23185,0.83038,0.0010694,0.0010694,0.0010694
49,9624.23,0.43623,0.29774,0.89571,0.99464,1,0.995,0.92398,0.45407,0.2329,0.84361,0.0010496,0.0010496,0.0010496
50,10078,0.41508,0.27767,0.88022,0.9951,1,0.995,0.92574,0.47283,0.22737,0.84565,0.0010298,0.0010298,0.0010298
51,10642.5,0.4364,0.2955,0.88172,0.99498,1,0.995,0.95932,0.43493,0.20925,0.83218,0.00101,0.00101,0.00101
52,11219.8,0.41196,0.28003,0.87189,0.99501,1,0.995,0.91773,0.41412,0.22216,0.83187,0.0009902,0.0009902,0.0009902
53,11634.5,0.43672,0.29315,0.8654,0.99502,1,0.995,0.92264,0.43117,0.2342,0.83034,0.0009704,0.0009704,0.0009704
54,11775.5,0.40776,0.28133,0.86425,0.99511,1,0.995,0.91387,0.49919,0.22475,0.86741,0.0009506,0.0009506,0.0009506
55,11879.8,0.42952,0.27914,0.87364,0.99501,1,0.995,0.92939,0.40449,0.21472,0.83277,0.0009308,0.0009308,0.0009308
56,12012.3,0.40914,0.28303,0.8734,0.99498,1,0.995,0.91524,0.41444,0.21968,0.82789,0.000911,0.000911,0.000911
57,12173.3,0.38995,0.26574,0.86682,0.99506,1,0.995,0.90357,0.46756,0.23417,0.85135,0.0008912,0.0008912,0.0008912
58,12386.8,0.41144,0.27354,0.87235,0.99507,1,0.995,0.89569,0.5059,0.23721,0.85778,0.0008714,0.0008714,0.0008714
59,12583.5,0.39267,0.26614,0.86813,0.99499,1,0.995,0.90794,0.51045,0.26119,0.85279,0.0008516,0.0008516,0.0008516
60,12753.1,0.39267,0.27192,0.86405,0.99519,1,0.995,0.91339,0.43072,0.21933,0.84258,0.0008318,0.0008318,0.0008318
61,12899.8,0.36147,0.25788,0.85189,0.99487,1,0.995,0.9174,0.38793,0.20708,0.82806,0.000812,0.000812,0.000812
62,13054.9,0.36191,0.24946,0.86016,0.99504,1,0.995,0.95132,0.40409,0.20927,0.83492,0.0007922,0.0007922,0.0007922
63,13260.9,0.37549,0.25901,0.85042,0.99506,1,0.995,0.92659,0.41649,0.22382,0.84591,0.0007724,0.0007724,0.0007724
64,13460.6,0.3576,0.24972,0.84821,0.99503,1,0.995,0.90975,0.49144,0.22631,0.84672,0.0007526,0.0007526,0.0007526
65,13673.4,0.36022,0.24276,0.85063,0.995,1,0.995,0.92988,0.46531,0.21369,0.84048,0.0007328,0.0007328,0.0007328
66,13852.5,0.37341,0.25458,0.87536,0.99489,1,0.995,0.93027,0.43168,0.20629,0.83765,0.000713,0.000713,0.000713
67,14029.2,0.36217,0.24522,0.85367,0.99503,1,0.995,0.93737,0.4017,0.19293,0.8353,0.0006932,0.0006932,0.0006932
68,14182.1,0.3949,0.2628,0.86314,1,1,0.995,0.94558,0.41397,0.20016,0.84234,0.0006734,0.0006734,0.0006734
69,14334.9,0.35621,0.24668,0.85293,0.99501,1,0.995,0.93158,0.47625,0.19943,0.85201,0.0006536,0.0006536,0.0006536
70,14522.2,0.36436,0.24585,0.85368,0.99491,1,0.995,0.89236,0.46325,0.19968,0.83719,0.0006338,0.0006338,0.0006338
71,14649.4,0.35919,0.25063,0.86537,0.99503,1,0.995,0.92564,0.43274,0.21089,0.83439,0.000614,0.000614,0.000614
